{
    "name": "Sony PLAYSTATION(R)4 Controller",
    "guid": "1234",
    "axis": [
        {
            "name": "left_x",
            "id": 0
        },
        {
            "name": "left_y",
            "id": 1
        },
        {
            "name": "right_x",
            "id": 2
        },
        {
            "name": "right_y",
            "id": 5
        },
        {
            "name": "l2",
            "id": 3
        },
        {
            "name": "r2",
            "id": 4
        },
        {
            "name": "up",
            "id": 7
        },
        {
            "name": "down",
            "id": 6
        },
        {
            "name": "left",
            "id": 7
        },
        {
            "name": "right",
            "id": 8
        }
    ],
    "buttons": [
        {
            "name": "square",
            "id": 0
        },
        {
            "name": "triangle",
            "id": 3
        },
        {
            "name": "circle",
            "id": 2
        },
        {
            "name": "x",
            "id": 1
        },
        {
            "name": "l1",
            "id": 4
        },
        {
            "name": "l2",
            "id": 6
        },
        {
            "name": "r2",
            "id": 7
        },
        {
            "name": "r1",
            "id": 5
        },
        {
            "name": "share",
            "id": 8
        },
        {
            "name": "options",
            "id": 9
        },
        {
            "name": "home",
            "id": 12
        }
    ]
}
