{
    "name": "Sony PLAYSTATION(R)3 Controller",
    "guid": "030000004c0500006802000011010000",
    "axis": [
        {
            "name": "left_x",
            "id": 0
        },
        {
            "name": "left_y",
            "id": 1
        },
        {
            "name": "right_x",
            "id": 2
        },
        {
            "name": "right_y",
            "id": 3
        }
    ],
    "buttons": [
        {
            "name": "square",
            "id": 15
        },
        {
            "name": "triangle",
            "id": 12
        },
        {
            "name": "circle",
            "id": 13
        },
        {
            "name": "x",
            "id": 14
        },
        {
            "name": "up",
            "id": 4
        },
        {
            "name": "down",
            "id": 6
        },
        {
            "name": "left",
            "id": 7
        },
        {
            "name": "right",
            "id": 5
        },
        {
            "name": "left_stick",
            "id": 1
        },
        {
            "name": "right_stick",
            "id": 2
        },
        {
            "name": "l1",
            "id": 10
        },
        {
            "name": "l2",
            "id": 8
        },
        {
            "name": "r1",
            "id": 11
        },
        {
            "name": "r2",
            "id": 9
        },
        {
            "name": "start",
            "id": 3
        },
        {
            "name": "select",
            "id": 0
        },
        {
            "name": "home",
            "id": 16
        }
    ]
}